State,Maine,Unnamed: 1,Unnamed: 2,Unnamed: 3,Unnamed: 4
ME,Keyword,Grade/Area,,,
ME,Religion/Religious,N/a,,,
ME,Spirit/spiritual,N/a,,,
ME,Holiday,N/a,,,
ME,Christian/Christmas,N/a,,,
ME,Muslim/Islam/Ramadan,N/a,,,
ME,Jew/Judaism/Hanukah/Holocaust,N/a,,,
ME,Hindu,N/a,,,
ME,Buddhism,N/a,,,
ME,Sikh,N/a,,,
ME,Mormon,N/a,,,
ME,Kwanzaa,N/a,,,
ME,Genocide,N/a,,,
ME,Persecution,N/a,,,
ME,Church,N/a,,,
ME,Mosque,N/a,,,
ME,Temple,N/a,,,
ME,Synagogue,N/a,,,
ME,Pilgrim/pilgrimage,N/a,,,
ME,Mission/Missionary/missionaries,N/a,,,
ME,shaman,N/a,,,
ME,god,N/a,,,
ME,Protestant,N/a,,,
ME,Theocratic,N/a,,,
ME,Antisemitism,N/a,,,
ME,Israelite & Hebrew,N/a,,,
ME,Confucian/Confucianism/Confucius,N/a,,,
ME,Jain/Jainism,N/a,,,
ME,Tao/Taoism/Dao/Danish/Lao Tzu/Laozi,N/a,,,
ME,Shinto/Shintoism,N/a,,,
ME,Zoroastrianism,N/a,,,
ME,Bahai/Baha 'i,N/a,,,
