Illinois,,,,
Keyword,Grade/Area,,,
Religion/Religious,N/a,,,
Spirit/spiritual,N/a,,,
Holiday,N/a,,,
Christianity/Christmas,N/a,,,
Muslim/Islam/Ramadan,N/a,,,
Jew/Judaism/Hanukkah/Holocaust,N/a,,,
Hinduism,N/a,,,
Buddhism,N/a,,,
Sikhism,N/a,,,
Mormon,N/a,,,
Kwanzaa,N/a,,,
Genocide,N/a,,,
Persecution,N/a,,,
Church,N/a,,,
Mosque,N/a,,,
Temple,N/a,,,
Synagogue,N/a,,,
Pilgrim/pilgrimage,N/a,,,
Mission/Missionary/missionaries,N/a,,,
shaman,N/a,,,
god,N/a,,,
Protestant,N/a,,,
Theocracy/theocratic,N/a,,,
Antisemitism,N/a,,,
Israelite & Hebrew,N/a,,,
Confucian/Confucianism/Confucius,N/a,,,
Jain/Jainism,N/a,,,
Tao/Taoism/Dao/Lao Tzu/Laozi,N/a,,,
Shinto/Shintoism,N/a,,,
Zoroastrianism,N/a,,,
Bahai/Baha 'i,N/a,,,
theology,,,,
Catholic,,,,
Diwali,,,,
Holy,,,,
Holi,,,,
