Washington,,,,
Keyword,Grade/Area,,,
Religion/Religious,,,,
Spirit/spiritual,,,,
Holiday,,,,
Christian/Christmas/Christianity,,,,
Muslim/Islam/Ramadan,,,,
Jew/Judaism/Hanukkah/Holocaust,,,,
Hinduism,,,,
Buddhism,,,,
Sikhism,,,,
Mormon,,,,
Kwanzaa,,,,
Genocide,,,,
Persecution,,,,
Church,,,,
Mosque,,,,
Temple,,,,
Synagogue,,,,
Pilgrim/pilgrimage,,,,
Mission/Missionary/missionaries,,,,
shaman,,,,
god,,,,
Zoroastrianism,,,,
Shintoism,,,,
Lao Tzu,,,,
Tao,,,,
Jainism,,,,
Confucianism,,,,
Bahai,,,,
Holi,,,,
Holy,,,,
Diwali,,,,
Hebrew,,,,
Israel/Israelite,,,,
antisemitism,,,,
Catholic,,,,
Protestant,,,,
Theology,,,,
Theocracy,,,,
